,FreeNet_pre_score,FreeNet_post_score,FreeNet_pre_rank,FreeNet_post_rank,FreeNet_delta_ranks,Reversed_pre_score,Reversed_post_score,Reversed_pre_rank,Reversed_post_rank,Reversed_delta_ranks,Random_pre_score,Random_post_score,Random_pre_rank,Random_post_rank,Random_delta_ranks,dist_victim_relayer,dist_victim_vilain_pre,dist_victim_vilain_post,out_deg_victim,in_deg_villain,victim,villain,relayer
0,6168,6784,729,771,42,3496,3496,723,723,0,0.001055175465468532,0.0012253650566731338,572,630,58,2,2,2,142,309,23,4,522
1,3024,3640,453,498,45,6704,6704,464,464,0,0.0006807583648184077,0.0007488342013002485,329,381,52,2,2,2,353,123,869,328,304
2,2024,2640,203,371,168,360,360,255,255,0,0.00037441710065012424,0.000442492937131965,216,285,69,2,3,3,25,159,875,778,868
3,100,100,3,3,0,100,100,1,1,0,0.002927260968719153,0.0030974505599237552,860,868,8,2,1,1,210,446,715,282,540
4,5552,6168,697,730,33,8704,8704,694,694,0,0.0006807583648184077,0.0008169100377820892,299,375,76,2,2,2,400,203,422,682,724
